<?xml version="1.0" encoding="UTF-8"?>
<project-private xmlns="http://www.netbeans.org/ns/project-private/1">
    <editor-bookmarks xmlns="http://www.netbeans.org/ns/editor-bookmarks/2" lastBookmarkId="0"/>
    <open-files xmlns="http://www.netbeans.org/ns/projectui-open-files/2">
        <group>
            <file>file:/Users/shaemcfadden/Desktop/30s%20Classes/CS30s/LabExcercise2/src/Clock.java</file>
            <file>file:/Users/shaemcfadden/Desktop/30s%20Classes/CS30s/LabExcercise2/src/LabTwo.java</file>
        </group>
    </open-files>
</project-private>
